,background,media,lumen
precision,0.9249955386740701(0.005245849138416559),0.6749983678555487(0.03360114799396095),0.8880809516172552(0.024187350285757515)
recall,0.9833476302454967(0.0024606179776361183),0.4027959623429642(0.0678841490678167),0.8559054085236534(0.024946781422828846)
f1-score,0.9532646235716021(0.0019193993601355616),0.4998718539139102(0.05117367169669709),0.8710696293131428(0.007493441774504749)
support,8774622,1267864,1360778
specificity,0.7052407337351118(0.02336448334456971),0.9750456863919077(0.006295872904424788),0.9839861605709599(0.004361711519320428)
accuracy,0.9241067791620162(0.003444408239959694),0.910899638529765(0.0039061374092474077),0.9676247559536748(0.0019958437901717225)
jaccard_score,0.9107090262690218(0.003507275099885339),0.3347763625045348(0.04565358960262341),0.7716665964716175(0.011774110963563133)
hausdorff_dist,30.58859135949122(12.752862127191776),35.34414567655126(14.75658780464179),24.719004606792726(17.937098132370227)
