,background,media,lumen
precision,0.9836180448633547(0.0014968030644986192),0.7931619521034426(0.02551824318732374),0.9302147453022613(0.01619454592117623)
recall,0.9921163206391995(0.000925652057874363),0.7193475421731997(0.029007612765259965),0.913030567186263(0.021138985807912666)
f1-score,0.98784756508322(0.00048177299609967436),0.7535361125126696(0.009188850846283228),0.9211742491019752(0.004249499810592459)
support,30795773,2353746,2903473
specificity,0.8951301582821571(0.00973881106719016),0.9867434324626544(0.0025122506404440894),0.9938112962763311(0.001658222275259843)
accuracy,0.9789123360926071(0.0008558101338497497),0.9692619294897801(0.0010991254644810025),0.9871757014026166(0.0005558988631705289)
jaccard_score,0.9759873950245492(0.0009407730029945611),0.6046265560556179(0.011868404539884685),0.853896227904967(0.007292682552943084)
hausdorff_dist,10.660601502381613(7.097714207937794),12.958543468732381(8.907068253381965),9.72964700031672(10.289293079279728)
