,background,media,lumen
precision,0.9793954941795053(0.002799841794211139),0.7262630349644218(0.05178956214401074),0.9420016414418985(0.01999554965559479)
recall,0.9926812812914292(0.001524339809586633),0.6959811296546017(0.037453791598822034),0.8312281877599688(0.05728685289449258)
f1-score,0.985988926345178(0.0007069724000800529),0.7085094970602376(0.017457939414870487),0.8814792692089153(0.024572331638736778)
support,30795773,2353746,2903473
specificity,0.8629765978177002(0.018904752428472137),0.9811291389385544(0.005473567753361082),0.9952732385011206(0.0020828228140293207)
accuracy,0.9755177057011313(0.0012784768710697094),0.9624709066351975(0.0034492352575810075),0.9817655228626228(0.0031158404097869634)
jaccard_score,0.9723660065078616(0.0013747347044307638),0.5488804382405331(0.020873868176424077),0.788936086585946(0.039162148610663534)
hausdorff_dist,12.746534795436112(7.926056663065113),18.820356462408686(11.636269659342153),14.471225798556242(13.985384723002456)
