,background,media,lumen
precision,0.9799972459359901,0.6812711414217966,0.9704094781271755
recall,0.9913956373168487,0.7203028704031786,0.8056241611339248
f1-score,0.9856634894616899,0.7002435184282654,0.8803722007178523
support,30795773.0,2353746.0,2903473.0
specificity,0.8662070819332273,0.9764374578674311,0.9977915958962931
jaccard_score,0.9717322399630439,0.5387497799445429,0.7863079152574678
avg_hausdorff_dist,12.1332015885318,16.316816916684406,10.661591727842701
